id,email,password,handle
1,zmemmory0@fda.gov,rY0\YT$P)EW5,tduguid0
2,tbleddon1@webnode.com,aL4(@rG'nS9G!5,scarrack1
3,adifilippo2@gnu.org,wT5#U){'37mE)7|w,hhaggett2
4,lmcilwrick3@lycos.com,mE4|ySPJ,tgoghin3
5,gstquenin4@ycombinator.com,uB7}1hozB+G'rG\q,mcaswell4
6,mtebbs5@instagram.com,sY6/Q)v>{mW*D|,lkmieciak5
7,lchapelhow6@hugedomains.com,iZ8(<Uq4r|w,dcolaco6
8,nhurll7@aboutads.info,vU4/V)lZ+_,tcornford7
9,lcouroy8@bloomberg.com,vQ8#250R,gheymes8
10,hfriese9@themeforest.net,"vV9|p{K*x`I,,J",ctullett9
11,nforkera@guardian.co.uk,oN6~@9n2g<GT61,karonovicha
12,astiggersb@biblegateway.com,eR7$e%bvqZ\lmp,dlongmireb
13,wlepruvostc@reverbnation.com,yF2~dq`\aH,gduchateauc
14,hleadd@w3.org,kH1_68VZ!`uQ0eP?,hpancastd
15,wmantripe@usda.gov,rX4_C=DA,wemburye
16,orubinshteinf@theguardian.com,aH3.ZRNPi2_q/,nhaslegravef
17,ogrisedaleg@elpais.com,eJ7)_pzyHS|gV,tjanuszewskig
18,lcopinh@washingtonpost.com,"xS4/H,LiK}%R",ibickfordh
19,jphilbini@joomla.org,tT2$ZIo)\Cz{,achiltoni
20,jschroderj@youtu.be,hK5`QaU+i,ssouthernsj
21,twintersonk@oracle.com,oB0&Y{<},dguillardk
22,acrelliml@theguardian.com,mZ1.J7?*c,cjereattl
23,tmoorfieldm@cbsnews.com,lL9/<+8K3@,dmorricem
24,limlachn@behance.net,"pS4,vZ(EB",dbrisen
25,amcskeagano@china.com.cn,"aY5\$Z9W""&k>",bcraikero
26,mjenckesp@slate.com,sL9*$+O(!b,jbenneyworthp
27,kdumpletonq@spotify.com,dS5%OL5MfjT$vaD,brapiq
28,mfilpor@addthis.com,yV2?3lX%%,jstarkr
29,agutmans@bloomberg.com,xV2{Ffw6ii~2N,mwittss
30,abert@g.co,jR5=NPc/J,mabsolomt
31,cduganu@rakuten.co.jp,jU2))R25`U@~,rarangyu
32,aferonetv@ucoz.com,iS9(6W?c,kaizikovv
33,dcamillow@hao123.com,pL1?fXR22GKccWZI,pjowseyw
34,edanjoiex@wunderground.com,eS9&RN4YzenUp%mj,ggeroldix
35,bfancyy@discovery.com,eY0|zUeh.,bgothery
36,ymcdellz@yellowbook.com,dR1~s+Hh=6,rpedlarz
37,cmatthesius10@feedburner.com,"uU8,P'8=2LLMag",emethringham10
38,hzecchinelli11@utexas.edu,jN9(wlrLuWo,tsimond11
39,jglantz12@goodreads.com,gK6{bLTK(yHiQL@g,fmcgarrity12
40,ssumbler13@google.it,lI3~L~%Zel?|nf'6,kzimmer13
41,yropartz14@about.com,sJ4<WTBcWC#=,sweighell14
42,cgoare15@rediff.com,"eX0<N,TaYvMz",rwhithalgh15
43,yjanak16@posterous.com,oS1@Tb<ZFmFR,dsilley16
44,spasse17@jigsy.com,tP4=zDLw,dkennaway17
45,rrourke18@shinystat.com,iE5$Q2aZkWs5kU',tpippin18
46,cgayter19@aol.com,bH1(RjI|Gl{q},vjudge19
47,efurzer1a@feedburner.com,"cO7""4+Jok,,}",sdanigel1a
48,rskilton1b@vimeo.com,iZ9!q`8~,nhaszard1b
49,mallwright1c@lulu.com,mR5~WD_>G5#'Vf,jsandford1c
50,elankester1d@wikispaces.com,qX7?n5$7ycS6piR,kgrahame1d
51,bcomben1e@sun.com,mV2$I7CjGx2,cskeels1e
52,fchristoffe1f@fotki.com,mI2?So4t,ewrankmore1f
53,cruos1g@hhs.gov,wJ4_TnhF87*,fdaykin1g
54,adreakin1h@ft.com,"eW9""(wzsrh80u<0t",ebrikner1h
55,hspooner1i@nifty.com,tF0%=sHoNqaH,dhuntington1i
56,lmunslow1j@pbs.org,rJ2=/eoiyR,mspawell1j
57,lfreeburn1k@networkadvertising.org,eI8{(vU8g,hguidoni1k
58,bmcrobb1l@yahoo.co.jp,wW6|5AEp',lkindleysides1l
59,dhepher1m@intel.com,hT0$vT{lG,otoward1m
60,lskittles1n@addthis.com,oD4=A||?,sbiesterfeld1n
61,lantunez1o@usnews.com,mC1|Bb'x`S,jpeche1o
62,sdrydale1p@scientificamerican.com,yD7{p3usJjVkym/w,rorpwood1p
63,rcammack1q@bigcartel.com,xE1/X~iw$y4,dlaurenzi1q
64,mcuskery1r@mediafire.com,pL0>MFutx35s1b,arobardley1r
65,epinard1s@ning.com,uQ5#mGe@l}9dwm2(,rstrotone1s
66,nblewett1t@auda.org.au,"fY2$xB,rFtZhGx&Z",cfitkin1t
67,hmcgillivrie1u@privacy.gov.au,qQ0_Z=JLj2w,rticksall1u
68,swashington1v@creativecommons.org,rB4@yWsF!)8C?,hdufty1v
69,medden1w@japanpost.jp,sG8$Yp(`SX+,gbooton1w
70,lsellors1x@ocn.ne.jp,qW3}%wXjf='Wt,wmattusov1x
71,ndressel1y@g.co,hL4.$b+%BP#,ttilte1y
72,arysom1z@canalblog.com,aO7/iPH80R,vingraham1z
73,wportman20@weather.com,dN4*8tA\Y,ltidball20
74,fpickersail21@mapquest.com,nW0@@Oxh,lkyttor21
75,amcramsey22@about.me,"nK9/xiYG$wNm`,",jfickling22
76,rivanyushin23@ucla.edu,vJ7)F9pb,ktillyer23
77,swatson24@go.com,kY2~8f6$,pblonfield24
78,lsturdy25@bigcartel.com,vC1+N5qqUFXSZ,dbeed25
79,ljosselson26@opensource.org,rZ3{_IORBNF,abuffy26
80,kperell27@earthlink.net,aL9!c2TTv3a,hrabat27
81,tbillson28@comsenz.com,"oW3_G#,C<o4G~m",cbeininck28
82,ctichelaar29@usnews.com,dG5=~xZD<r'44W,challybone29
83,hmold2a@sciencedirect.com,hG2#>x9Tn/J@,pgudahy2a
84,gricarde2b@businessinsider.com,rG2~2c<XF_n_E9,dottiwill2b
85,aelgood2c@redcross.org,mE8/5Xkd$l,gchaffin2c
86,mramlot2d@state.tx.us,lP8>bP7!xN*,ephilipeau2d
87,ttranfield2e@blogger.com,pF6}pp#S/MbU6v,mvanhesteren2e
88,akilshaw2f@nasa.gov,"zM7>IM2.\,$5z\c",lbalint2f
89,agrishin2g@de.vu,wE2+<B7Hv4A8/V,bhaugg2g
90,mfriatt2h@storify.com,"lK5)+~`nR5k,8u3",ddatte2h
91,mhagan2i@netlog.com,jV1>1Wm0,mlortz2i
92,csanter2j@usda.gov,dO3!B0ai2E?,dwanklin2j
93,jlathleiff2k@europa.eu,mF3}H'{%,ihughf2k
94,lsemon2l@de.vu,dD5@ca$o,aodams2l
95,epindar2m@nsw.gov.au,aL9~$\hg,mklos2m
96,sheggman2n@homestead.com,sR8(>8rPNM>|,ccrosskell2n
97,knowakowski2o@twitpic.com,aB6`.VLO&g,mbeeres2o
98,mquaife2p@businesswire.com,"xO6,nM&\",hhenden2p
99,nedland2q@oakley.com,"pB2(#4""fP/!#F",swickrath2q
100,ghaliday2r@hc360.com,uH3%OM6eu%(i'`d,sgarthshore2r
101,jbrewett2s@princeton.edu,mU3+e5uEi\vux`I,eambler2s
102,iklimczak2t@dyndns.org,uX8>`fW%A)aMS!}s,aslowan2t
103,cbolwell2u@utexas.edu,pS4%uACt0!1<>,afurze2u
104,lubanks2v@sciencedaily.com,"kB9}KNJ""rDe>!Y",smontez2v
105,nschonfelder2w@apache.org,dS8|F|ZQ$Et(W,nfaughnan2w
106,mtrippick2x@redcross.org,xP8`o|jO<8ica,cstation2x
107,owestbrook2y@house.gov,yO1~Ilk4zf46xT,tjanssen2y
108,ykaminski2z@tripadvisor.com,aW6`pv9*,rfer2z
109,lwesley30@blogs.com,iM0%u<C`Op'uw*E,rdorrington30
110,blonsbrough31@archive.org,aR1%q$rtG`=1,kvigours31
111,awathall32@domainmarket.com,xY9=GlOfsO,nstaintonskinn32
112,cburgh33@independent.co.uk,"aT0?Xx""?",acarah33
113,lbruckner34@marketwatch.com,"iN7,irE<X",bfeben34
114,sniblo35@youtube.com,"gM1}QU""gNkezmq",jmilne35
115,dbrotherton36@miitbeian.gov.cn,sD5's>#L)~VIM,caiskrigg36
116,bjancso37@nsw.gov.au,nC1&~H+AGdE_Bg8Y,amelledy37
117,npicford38@economist.com,cV3#b8Rg,lcaig38
118,jgoodanew39@cloudflare.com,pZ0(K#{6,sdallas39
119,geldon3a@topsy.com,"pY4$+""1jI@XU!",ndeavall3a
120,jbirkbeck3b@bravesites.com,oT4_bla\tzJW5,smartijn3b
121,praggatt3c@yolasite.com,"jV7""`)IGf/x+",dmellem3c
122,nfinnes3d@diigo.com,pC9+@_sKX7UW,ssitwell3d
123,bsansum3e@freewebs.com,"wG7@?,3EXt",rdeshorts3e
124,mdunmore3f@freewebs.com,dS3\T=N+_QKO!do!,akinner3f
125,mandreev3g@eventbrite.com,"oZ7""EgD~+j>8|",acantrill3g
126,mpilfold3h@japanpost.jp,kA1&uW0Ed`JNep7,bself3h
127,rrudram3i@quantcast.com,tJ1`Z)Rw,mmedgwick3i
128,rchason3j@accuweather.com,"rS5,e/1nWh'",rmonan3j
129,bgustus3k@ovh.net,"wR1|ISNt!',cg._d",vshawel3k
130,bsysland3l@usgs.gov,dH1@xOu8'V0|*(h,ecarlisi3l
131,srossi3m@umn.edu,"kV8{wKgy#""ZdKQT",egamwell3m
132,thirsthouse3n@meetup.com,"jF3,@>3XggBs)fa",dharsent3n
133,lmitro3o@google.pl,"yQ1>%i,IsATVX",cprewer3o
134,tellacombe3p@delicious.com,wF4\y#w?N',gvamplers3p
135,fdinehart3q@google.it,"xS5""FArti.\qv<",rbeecraft3q
136,vlintall3r@walmart.com,hZ3?%(YNH|\ys,mhuton3r
137,jzotto3s@hostgator.com,oM2>gq%9\QyU.s,tfawke3s
138,vsimes3t@aboutads.info,nE7<JTq$eVmF|a`_,bfreebury3t
139,ncotelard3u@amazon.de,hY5@Ad(`WVym57,mcheetam3u
140,tscartifield3v@webmd.com,wM7=eaGC))y,uchesterton3v
141,wthurling3w@indiegogo.com,lI0>`9(?rT(B,lmelross3w
142,hhulkes3x@123-reg.co.uk,rY9!w)z!,yfenelon3x
143,mgilliard3y@nba.com,vX2?bXFY3_)`)$,wgreenroyd3y
144,asilverlock3z@usnews.com,kM6+E2#LE$)>,aatwel3z
145,dnice40@harvard.edu,oB2(|dCRN>c,ndaglish40
146,lmerrien41@ihg.com,lC9$v_{evL+P,hscurrah41
147,mbrands42@census.gov,"kV4=)Lpr,b_A&",mhousego42
148,feberle43@desdev.cn,fR3~smdP,kpincked43
149,mcuberley44@google.ru,lP0}hCAZ(G0a`/,achowne44
150,kassad45@dropbox.com,dV6*DI}?|uN\g,ntym45
151,mmitro46@eepurl.com,cM9?Cc~>,ghallor46
152,jblaydon47@mit.edu,"aA0""h&PN/F",ccrighton47
153,bdowsett48@example.com,cF6(q\C#H&3B>k,mavramovsky48
154,cwintle49@biglobe.ne.jp,qN0=VGP=pm_,kisworth49
155,acaller4a@europa.eu,mP9`VgjJOFo#R,ebuie4a
156,brandlesome4b@utexas.edu,sA6?@e8?,kgladman4b
157,rbugdall4c@unc.edu,wV2(koZf7goWoJi,scolleran4c
158,remblem4d@elegantthemes.com,iO7<naoL#`1=ZZSM,ccastelletto4d
159,vmichael4e@facebook.com,dS6&OV.(Pz`>l_,rcudiff4e
160,ggregory4f@bloglines.com,tX2_!FRXcq5},mstourton4f
161,wrobens4g@dyndns.org,"zT2(0\j_lB,m!T",smayo4g
162,edodimead4h@techcrunch.com,yN7<~=w&tT<wC',tgibbe4h
163,kjanuaryst4i@ifeng.com,hG0}q!qD{v,tcaverhill4i
164,spucker4j@behance.net,cB9&3P!Z(~oe,cpattison4j
165,jdooley4k@ucoz.com,yI1{!17c,bbenian4k
166,sglasper4l@epa.gov,"mP7,G""){}y?~=ea",jgilleson4l
167,sweatherdon4m@booking.com,gH0_nAh>uR,gilyinykh4m
168,wrassmann4n@ebay.com,fG8_HtBOQ?K><5,qbarclay4n
169,awilley4o@fema.gov,"aH5|JI""Y(iZhEp",kshand4o
170,lhelian4p@vk.com,uS5?(4&A/,dartis4p
171,pcurgenven4q@vk.com,wI9`KA>ZH('_I,risson4q
172,vbenzie4r@nymag.com,xT0>/QsXR2g(1,mlockyear4r
173,mjikovsky4s@1688.com,gJ7{xD`~Zp,lwellbelove4s
174,bmuskett4t@typepad.com,jC1>a+9Azy1M4,gbrewer4t
175,asabine4u@trellian.com,"kS2.fx""x/@gO',",mcurnock4u
176,sseden4v@hao123.com,hD5{qapXzLjmW)w,smcgeown4v
177,ashowell4w@symantec.com,qM8%k`85ju88|,rhelliwell4w
178,tballance4x@mashable.com,pJ5(TI<8fORA,ppalleske4x
179,boherlihy4y@sun.com,tI9@a.1vO,mlaurenson4y
180,kcornwell4z@washingtonpost.com,"hX9)xt""pgIH\Ys",sorleton4z
181,gbrealey50@msu.edu,zF3@Gr|A,bdurnford50
182,mrey51@linkedin.com,zR9>IYQmx,sjoice51
183,bhartridge52@comcast.net,rQ7'ak&dNDuN,igrewe52
184,lbohan53@yelp.com,yO3_I>@3Ri,sfrankiss53
185,lzielinski54@reverbnation.com,eF0.252Uc#L}Ec,atale54
186,astorer55@eepurl.com,qS4.#'lzWcJ'*E,zmallon55
187,mputtock56@unesco.org,"lR6`,R?'$Z&iKq(q",mcalafato56
188,ksaffrin57@infoseek.co.jp,zY4{vkCC6%,sbauckham57
189,lgiovanitti58@ameblo.jp,hO6@d}YHB,cgrubb58
190,hkeyes59@privacy.gov.au,xR2@%A@xpDY,dyakebovich59
191,fprise5a@va.gov,jR6{x!~q?*S&hV%,aledrun5a
192,gspeenden5b@paypal.com,hC3(<N/m,sjozwicki5b
193,jharker5c@eepurl.com,wP3'T+~q(T0r,cnorwich5c
194,mdoumerc5d@1und1.de,uU5$BDaj*r/|ZK,kblance5d
195,tmosson5e@tiny.cc,qF2&fz%9wM|W7n+Y,amurcutt5e
196,ubutcher5f@sitemeter.com,zJ3!daG*SQ8,mmaccarroll5f
197,rpearn5g@blogger.com,"yT7=""U5Egr""TheD",ccornish5g
198,langrock5h@princeton.edu,iG8`_\S4V(`F,dbonas5h
199,ggrzeszczyk5i@domainmarket.com,uP1</ef>cCvef`q,ehospital5i
200,ddenore5j@imageshack.us,"yA5""%Omx~6{S""",osextie5j
201,egreenacre5k@comcast.net,"wP3=}L~sD,",tcristofaro5k
202,karchanbault5l@abc.net.au,"aL6/'""ehhyZv",dmacdonagh5l
203,jpardoe5m@4shared.com,qM7?&!ey,epiggrem5m
204,kdewhurst5n@netlog.com,uM7.zCeD20GM',mnewlands5n
205,lgreedyer5o@state.tx.us,"nB3*@xk""b|5.y",ewinnett5o
206,nhubane5p@odnoklassniki.ru,uX2}{.Tu3CfT,shalls5p
207,ydoerling5q@google.com.hk,gP4%K&T+i,dmarrable5q
208,afelkin5r@mozilla.com,mV4*o~nu,charyngton5r
209,vdewilde5s@a8.net,wP9|nnP|(9k,bmatysiak5s
210,fpottery5t@alexa.com,cY5!r}otz5R/,blohoar5t
211,ogeldeard5u@icio.us,mE7!XXOP8z,phansberry5u
212,dbeine5v@va.gov,uW8&hu!#9g,bdresche5v
213,hworkes5w@webeden.co.uk,zW7#LA(?8aV=C7b,cmattke5w
214,tmacmenemy5x@admin.ch,mE5+<1N`CL,hdruel5x
215,bcapini5y@yellowbook.com,"aT4""d`.$&{\E|",gletham5y
216,olittledike5z@lulu.com,sU6$X_3L=0,hduffett5z
217,yforsdike60@abc.net.au,"mQ4""*Jvsf2htJ(y\",bperritt60
218,wgiacomello61@furl.net,uJ3*85@l0QUIW,njosipovic61
219,csibbering62@icio.us,"zM1%`J}""b#A&j1",gellaway62
220,cashbolt63@weibo.com,mH6}xPC?.UoY4\tD,rgusney63
221,mwooles64@cmu.edu,hF2=cUSbjZ$+c,ddunthorn64
222,xlantaph65@cargocollective.com,gT0{k`q.2G+,cmahedy65
223,bmurthwaite66@google.pl,"gE1,XiR\DRv",dvivians66
224,waguirre67@com.com,xB9/Gz~mD<L+sw,smackowle67
225,otattershaw68@is.gd,lH1_r9Td_FP.aS,creeds68
226,jleverich69@slate.com,jT8//CQF)$nvKE,thutchin69
227,ckleinstern6a@bing.com,kE6/ntXU*e,ihuncote6a
228,bmacterrelly6b@slate.com,kM3<H>{!G=sX,rdenisard6b
229,kclapham6c@desdev.cn,dO3|YTyr,vwooff6c
230,mineson6d@live.com,qH6+Nu)hHw|=>Ep,bkosiada6d
231,sleal6e@people.com.cn,"hO6~2sM""",mgout6e
232,ctoyer6f@yahoo.co.jp,pA1%wCbcfJHgg0\n,scappel6f
233,phowitt6g@fema.gov,eW3''*!)1(`*h,bobrallaghan6g
234,bgobel6h@sina.com.cn,nS2}1Pxd_5lpd6,rquartermaine6h
235,bbril6i@gmpg.org,qC4>mS*&a%s*SS{,pnatte6i
236,dlabatie6j@nhs.uk,yM4(&8HPX,sitzkin6j
237,bboddymead6k@shareasale.com,rM0.kL`eKQL,wdixon6k
238,jginnaly6l@facebook.com,zZ0(+G)K#*bU9.,jcabotto6l
239,csaintepaul6m@dagondesign.com,mD9`th+xq%G>G~,dalpes6m
240,vsutherby6n@list-manage.com,"tZ0}OUzx56""C",myurikov6n
241,nballard6o@aboutads.info,dG9(kTJX8I,jdemann6o
242,gradeliffe6p@ted.com,iG9$Hww},mhugenin6p
243,ldurston6q@admin.ch,tT2|S60_Ix.P{dzl,arubinsaft6q
244,mpomroy6r@163.com,sP0=NWE#},alorraway6r
245,wfreemantle6s@google.com.au,"iU7,m22sRoUI7(@?",scorish6s
246,cfranks6t@tumblr.com,"sX9""e""x!I{)C",kmarchington6t
247,lmiklem6u@360.cn,cI8)$_$P`o\?n,awadforth6u
248,gtocknell6v@ihg.com,qV8(ZSXkEZ$fm,dnugent6v
249,kreboulet6w@mapy.cz,bV3{mTzmt2zQ8&,bsampson6w
250,gthieme6x@domainmarket.com,"zR7=iX=4kV+3k,",tluciani6x
251,qgoulden6y@wikia.com,"nQ2+8Q""}~mG{'>""",rmacvean6y
252,myankishin6z@chron.com,mN1)M/~C2y,cocheltree6z
253,vdallaway70@goo.ne.jp,"kW3`&qMOZK""jn@",djanusz70
254,mfergie71@is.gd,cX7{@CXB`,bsammon71
255,kenoksson72@ihg.com,"tK7{A>M|*,W@t@X",icracknell72
256,cdutnall73@pagesperso-orange.fr,lN1\J'@<9DLP?NG,ayarranton73
257,amottram74@cisco.com,"fY5""`iey3j",cstrephan74
258,hduguid75@wikia.com,tK1|>ffVY+,sgerram75
259,pfolomin76@mediafire.com,yM4\u~.DDb2h,cblatherwick76
260,lhainning77@nyu.edu,eC4'CL|$+l,adriver77
261,mgeaveny78@buzzfeed.com,"tM7#ov`8f@D""8",lsore78
262,ogundry79@ed.gov,oL2)Ys8V,dhasell79
263,rgomes7a@jigsy.com,"rB8,K)OKG",mjopling7a
264,dblurton7b@last.fm,bX7`r*0'/5uD9,bhaugg7b
265,mfullilove7c@bigcartel.com,"sT8""wZ5RjDy",ggreser7c
266,lsleany7d@over-blog.com,vZ2(mCYSb(xF,ccaroll7d
267,cbendon7e@cdc.gov,gP5&Pn_o,ccrean7e
268,caxcel7f@facebook.com,iS9+.5u5,bludewig7f
269,mkelso7g@illinois.edu,wK7*UFe5x@i/sY,lfludder7g
270,lkays7h@webeden.co.uk,sU8$BJ!4,sdavids7h
271,hgrzelczyk7i@quantcast.com,jC9`hjZB>,pmcgrowther7i
272,mmerrison7j@va.gov,"eR6#{px'Y5zq""",crippingale7j
273,ebradley7k@ning.com,wS3%?Hm9t9K4\,mboothby7k
274,hrodgerson7l@forbes.com,"qU4,%PhvJJ96'x{",rhudel7l
275,jlockley7m@furl.net,"gJ9*,fsAbaX8IY",gglader7m
276,danan7n@tiny.cc,fV7|i?3C*,jdufour7n
277,cpesek7o@unblog.fr,"oR1""u~ia\W#'m",rknevett7o
278,wwelsh7p@hugedomains.com,zP7~I|xT)iAcYQY,lbellows7p
279,melford7q@intel.com,kG3_ZG/ao}u,jharnor7q
280,gobee7r@irs.gov,dQ8*_+\zP#jg,ctratton7r
281,wwalkington7s@ovh.net,"zV1,%UX$Y/h",jlening7s
282,nhendrik7t@facebook.com,eN8~TR'+Bx+!Ky8,odronsfield7t
283,nbolino7u@cpanel.net,qE3'o1m3fB+Rrm,kkairns7u
284,dcuckoo7v@deliciousdays.com,aR7}A4eNa1W,hnewman7v
285,ssandlin7w@walmart.com,iT2(e3rKNLSK3)s.,tmurch7w
286,cturnpenny7x@woothemes.com,oM5~P)3#@ih>@.B,ahacquard7x
287,kgorini7y@mayoclinic.com,yI3<<JRA!F,cyurshev7y
288,elarkin7z@example.com,yP9'RX{Yc4(v}~,gcutford7z
289,otiebe80@japanpost.jp,uO7/q=|_l)r3A{,acowdroy80
290,clathaye81@zdnet.com,"pL7""5PE@T`Dg_rn",rglennie81
291,mconley82@ifeng.com,rB1.sG!iF/k,kgisburne82
292,jvinden83@mapquest.com,"eB3)<,Ao}H~1g5w(",clawlor83
293,lmainz84@nih.gov,"wG1,uPzYJJO",sfontes84
294,kshellum85@prweb.com,cP9!a/rs{,mclaque85
295,hslimings86@google.ru,jO5!?e@>UG,ngarnham86
296,mriepl87@amazon.com,cA0\r`+x,gbenedek87
297,hbedder88@tmall.com,lS2+My>mE_8>~D,btynemouth88
298,tsibly89@technorati.com,"cF9/eOsNy?q<W4)""",mwoolforde89
299,hagget8a@admin.ch,hJ6#fdoi,gesson8a
300,nlund8b@si.edu,"pJ9%""CeFI`Hf9).",abrumfitt8b
301,hmarlor8c@mlb.com,zG7.O~>/dtw+_b+G,sclempton8c
302,thansard8d@yahoo.co.jp,sU1~b5IbK?u,weasson8d
303,apentecost8e@homestead.com,"wC0}?Sb}""Ki3g%1i",smcculloch8e
304,jwassell8f@naver.com,oP7}9J7e{EoCJt.y,mjugging8f
305,efeary8g@networkadvertising.org,vO3'c`BqsqB,ebakey8g
306,rreddie8h@disqus.com,"sJ9(lv&,(F+Ze""",abamlet8h
307,lgrason8i@hao123.com,kE5*o<Xi=,ahobbing8i
308,gbaudou8j@mapy.cz,sB4?8puaV+d}>8,sjurczik8j
309,noronan8k@deliciousdays.com,yD3(~x3Q,kdunniom8k
310,tmcgibbon8l@histats.com,bW1/JcPiSNLn,rrene8l
311,llook8m@wikispaces.com,rU0\Pd\<DP,sroeby8m
312,drobez8n@purevolume.com,lF3!f<M{2v#3)P{+,ghaimes8n
313,nkyllford8o@hostgator.com,xO8&/('c7b&(zzr\,vgooderham8o
314,ljzak8p@dedecms.com,nM7.Wa6)p\?tP,ngergolet8p
315,apudding8q@amazon.de,"aE6?NsT,{f5Fg",jmeneo8q
316,sscad8r@godaddy.com,"fV3})JR?Hs,a",aglassford8r
317,nfetherston8s@techcrunch.com,tQ5&ANDM|,ldow8s
318,sreiling8t@lycos.com,"wI4\,Td|GLi",pterbruggen8t
319,rjauncey8u@marriott.com,aT4{r&TBwH#,gseagrave8u
320,sscawen8v@trellian.com,"mR4)>c*VX,}r""",ttringham8v
321,akenewel8w@rambler.ru,dO6@g&~tSW5i5zI,lrickaby8w
322,jkristiansen8x@harvard.edu,qA6>Zqas,mtrimming8x
323,cdavidavidovics8y@ted.com,xQ3<{Uk&p|,sitscowicz8y
324,mnerney8z@amazonaws.com,sJ4@7(yz$}MYlX,mfronks8z
325,dsangwine90@ucoz.com,"zE2\&hd,#c",tchatterton90
326,bdanser91@facebook.com,"pA6,$xFB(a4V",zpoundesford91
327,khaly92@tuttocitta.it,aH9$3`yC,gramalhete92
328,nescolme93@toplist.cz,oM3=5Pp0!,fmicah93
329,dkemmons94@google.de,"aC4{wE?W!""IyN5(N",sbonwell94
330,schisholme95@technorati.com,eX5%'FY!@edTTc,ahawthorn95
331,ksabin96@auda.org.au,oI5$*`+bkF$,bkopisch96
332,afancutt97@virginia.edu,"lC5,\AhN3",asuston97
333,gbellie98@rakuten.co.jp,yP4)@<$=J2e<I,zsharp98
334,sratchford99@dion.ne.jp,pS2\Kj}x&.,lconey99
335,snoad9a@webnode.com,eI6.w)@gNZZH,hbeardsworth9a
336,aludee9b@google.de,"sE3~,o9Jjyk",ikeirl9b
337,ksuarez9c@dropbox.com,zI4<!z7W,tjaegar9c
338,erapo9d@usatoday.com,"gF9<jDA'x#\NX""?",amethven9d
339,joultram9e@t-online.de,dW6@M'B#/d|W,dpregel9e
340,omackilroe9f@prlog.org,gU6'alBYC.@c6C,nlagen9f
341,rleward9g@alexa.com,iY0|>xws4#E~g+,cleftly9g
342,mmullis9h@harvard.edu,bQ3#%pzx6=9,rchallener9h
343,mskellion9i@php.net,"kQ0#9R5Mr.@`""",asolley9i
344,creeders9j@miibeian.gov.cn,yC1{C<d23Q_@@,otapping9j
345,aatling9k@ocn.ne.jp,oS5*Z9CPg!j,eoxley9k
346,jangrock9l@ustream.tv,xO1}2T/vOWg,nrobertacci9l
347,bfountaine9m@yellowbook.com,xZ3.|PbLZ1M&8,yaudrey9m
348,cplum9n@elegantthemes.com,yD0(&p&(km%jM,eelcum9n
349,mgoldwater9o@chicagotribune.com,wR9_B!1H,tservis9o
350,scolby9p@admin.ch,kE7<1w1u8,mclowser9p
351,rbrunelli9q@homestead.com,"eF3{)3)YHX""x,",bbrundrett9q
352,uhouchin9r@webnode.com,"nD1+lw""jg",rstolli9r
353,btuffell9s@1688.com,zH7&G0qdt5R,rfouldes9s
354,abloyes9t@odnoklassniki.ru,bY2~OM|#@!,lmackison9t
355,dodhams9u@sbwire.com,pI8@p/dlrA?O`M,ucoxhell9u
356,cstraffon9v@nps.gov,mK1<xr(&}|gSIW6',iaberdeen9v
357,ttwigger9w@nih.gov,"dC5""09#fDiuE`W",amcillrick9w
358,agooddie9x@usatoday.com,yQ2_g`U%Tn,mmackimm9x
359,zhamblett9y@hibu.com,zL9&9vHrF5LE*~y',gshand9y
360,kbanbrigge9z@sfgate.com,iZ8~x&C&H(zC|b',gniaves9z
361,csibarya0@sakura.ne.jp,xX7?yAzagP,mpriestleya0
362,akohringa1@icq.com,dQ6%!>/(Gv4%@~,vmurisona1
363,ghrinchenkoa2@rakuten.co.jp,mW7\DbBv7k|,cbigmorea2
364,ahoffmana3@jigsy.com,"qR0,6pCYd5&m",msteninga3
365,mpalffreya4@dyndns.org,eV8'TbUC.w/eXo4{,astrothersa4
366,pbabbsa5@webnode.com,gF8'0)<uSb,pmackeega5
367,lproffera6@china.com.cn,oG0?i!2ExK#,bromainea6
368,tfruisha7@zimbio.com,"yW4_i8UAS|X,aRB",dafflecka7
369,tdevenniea8@senate.gov,wS4'E{k3I/67&,jrosettinia8
370,jkaysa9@wunderground.com,eF6|xKS?XlJkAC#O,rfinlrya9
371,rwanellaa@slideshare.net,pX0*<+r#ekBkT,jhaackaa
372,rrusseab@vk.com,"mL6>""dkJT",mportsmouthab
373,lnuttonac@hubpages.com,dN7$p~baT\xmHi@S,eyukhninac
374,gsavilad@ox.ac.uk,xD0&Ul.z*$v,ggiraudyad
375,zolexaae@woothemes.com,oD3&EIq(63}$!,ybraveryae
376,fdevonportaf@fastcompany.com,jH2%G*M#Qz1~wup6,abreznovicaf
377,agodfroyag@example.com,sO7.*_`H74t,fseysag
378,ajerramah@time.com,"xJ4_4#jLwg,3",dbestwallah
379,jzellnerai@yolasite.com,yR2@@y\hr,agoodwellai
380,averityaj@usgs.gov,xE3@3QbW.g=J6O,phawkingaj
381,jlarrettak@topsy.com,eQ7{vB`Dhme!{p,lcufflinak
382,lkenderal@csmonitor.com,eQ0)KyM(,cbeatonal
383,mmuxworthyam@time.com,jR7%P\}7)/,bberzonam
384,iyoselevitchan@wufoo.com,fO5=0W}A~Go)cJ,emorillaan
385,olefevreao@goo.ne.jp,uG8@B}rA,mlackintonao
386,hpayleap@over-blog.com,eH8}oNI5}G}ZKNq,rmccoleap
387,obelleraq@bing.com,bL2!/#5~~=Y8T,fhessaq
388,rflipekar@yellowbook.com,nX7>4|rty,ekristofar
389,ehagertyas@usgs.gov,aY5@/vxT,kabelsonas
390,jparkerat@moonfruit.com,qG9\jib/3,bbolliniat
391,achopinau@desdev.cn,hF9%~3g|Vu),mgoodinau
392,fgoodlattav@biblegateway.com,yX9!\6D<$d,ftyersav
393,csnookaw@surveymonkey.com,yP7/pe>ta!5EgKw,nsammeaw
394,acowlandax@ucla.edu,wG2}ftTl.H9f,fmcgeochax
395,emattediay@wsj.com,vJ9{AhTZ1LQp,umckeonay
396,semmensaz@cyberchimps.com,"yQ0}Ijt/@U""h",oclancyaz
397,ascathardb0@odnoklassniki.ru,zP0=!=&5\/%eJQ,lmcquiltyb0
398,atordiffeb1@comsenz.com,"lF6.AfWD,vi|~eW",jronchib1
399,cmilburnb2@sun.com,"mF7!G""8iJz,~BqG",uburgwinb2
400,mcloustonb3@samsung.com,dW5=onRaQqYWxzZ,eturveyb3
401,bthwaiteb4@cnet.com,yJ2+GEF{1{vcM,mzuannb4
402,sfirmageb5@zimbio.com,"hC9,x!Q'7U",ccornillb5
403,asquibbesb6@issuu.com,tY7_/`$sUg<,gtackleyb6
404,yhammandb7@odnoklassniki.ru,bD1@uK}raiToPWr,wleafb7
405,dlansdownb8@fotki.com,"jI7,wS.luF5@",gslingerb8
406,svanderbaarenb9@usnews.com,hG7\+Wy5,clacelettb9
407,bbruckshawba@google.com.au,pP8_h>/97q7'S}g,eveltiba
408,bvousdenbb@edublogs.org,"wA1%,%mo$cz#@&",ebolducbb
409,tbailesbc@nsw.gov.au,"gD3>z>T""Jf!f7",mkepebc
410,lcratchleybd@biglobe.ne.jp,gK4()5/c<NFwvEF,fbeamesbd
411,ubensteadbe@live.com,jX0+X%DVo7}yO2dx,hmammattbe
412,mhaffordbf@sakura.ne.jp,bJ9&Fo{~?H~MA}ao,ogozzardbf
413,mcastelijnbg@msn.com,oK2?%TFG,gschellebg
414,kkenningleybh@ebay.com,oX5+n(E~,wkasparbh
415,mblatchfordbi@seesaa.net,oP9|9msW,ksteanbi
416,kjentonbj@e-recht24.de,iI8(/8|E#,mcarrellbj
417,cquarebk@miitbeian.gov.cn,hV9(B`$DRF,brosindillbk
418,srosenstielbl@issuu.com,cR3&?aM$!lM>m,tvispobl
419,edaymontbm@zdnet.com,oD3`T<b5_Rp,jservicebm
420,sbaronbn@yale.edu,vB4%D>HpBL},epitkinsbn
421,jbissattbo@twitpic.com,wJ7((Xq{3PdI\K|,jeskrickbo
422,lmehaffeybp@pen.io,"fH1,>NUh~",rdadgebp
423,sokennybq@salon.com,"mO1,dyV`\\_L&H",fgoodbodybq
424,pquanbr@globo.com,uE2&b|xPE,fjacksonbr
425,pesserybs@sohu.com,zJ7$VP.DkuP`,kblakemanbs
426,wfinlatorbt@opensource.org,"nV5@2)<=""($e",sgrestiebt
427,grudolferbu@sitemeter.com,"kV3\7/3g0o""y1J}",acoxwellbu
428,hhaskaynebv@techcrunch.com,uX8$y(euYu,dbohlensbv
429,awoodwingbw@shop-pro.jp,eP0$TfS@TwUC9.L,eprobbinbw
430,jharmanbx@senate.gov,bZ6'eriU,rbarzbx
431,dcasbourneby@barnesandnoble.com,wZ7)Gf%)Epa,mlippby
432,fhawksleybz@biglobe.ne.jp,"iF6*toSxtL,TZN",aboatwrightbz
433,agebhardtc0@answers.com,rF2\W!y6DB&|,shailstonc0
434,jkalischc1@thetimes.co.uk,"jL6){MNGB,",lbrumbyec1
435,bdyterc2@vimeo.com,qK9|#}Hj<Z,nillstonc2
436,bkillc3@google.co.uk,xO5#A@X~a,scissenc3
437,hchoudhuryc4@squarespace.com,eM8+R\Fvh_<Mk,cmccluneyc4
438,jluggarc5@mashable.com,mK8`7<0Nx,dgremanec5
439,ttorrentc6@vkontakte.ru,fP9?EcnGwE,egeillierc6
440,cwildmanc7@example.com,xT5}W*`$v(2sx`?,brobertaccic7
441,blittledikec8@xrea.com,sW7\${VZJ<Q,agallaccioc8
442,dyeomansc9@ihg.com,"gB0!'?nf?Z,",dmaidesc9
443,dholtomca@a8.net,vP3!kZ59'RF'vp,lstanlikeca
444,tmathiassencb@google.cn,vF7%7!iw4}),dseekingscb
445,tcrispcc@blog.com,"xK0>c*_""'`wZ",cpingstoncc
446,rcarnoghancd@bloglovin.com,jM4~B\F3,mselfcd
447,vmorlandce@bloomberg.com,iL8+!Y'0k(VNJs',lburlingce
448,lmeltoncf@e-recht24.de,"pT1#F""P|EZA`iO",clittlejohnscf
449,hmilkincg@sciencedaily.com,lE4_Ic6_R`E,rigounetcg
450,nmessentch@springer.com,"aZ9#n`7""NTh",esuscensch
451,fpellamontci@behance.net,jO7$CgP5J'q)r,hbarmeci
452,phurburtcj@ihg.com,yE8!HOO7P~,fmenauteaucj
453,qcalverdck@arstechnica.com,"eR7,UQx{'kF2",fpaolottock
454,abalassicl@printfriendly.com,uE6!kxZ#ao,dsibbetcl
455,smattersleycm@hp.com,uP8_=#HmVk&L@=@E,rskewescm
456,hstrikecn@independent.co.uk,xT1*.w$>,jwilldercn
457,rmanwaringco@myspace.com,fV3\pJIm.E,ptrowbridgeco
458,bcallicottcp@slashdot.org,cD5)X%dHX*,wpowiscp
459,ldeeblecq@barnesandnoble.com,kL6+fcgS.g_|Ud(,hgovecq
460,asymcoxecr@time.com,sT9~D8Wv.{}u>.b@,ominerocr
461,jschuttercs@sohu.com,pO3@`YhJ=,hpetticrowcs
462,fsatchct@house.gov,xZ4$Vz6'H)8*t,knoultonct
463,amoneypennycu@sciencedaily.com,"nV0,Qc\>Cwr%",ewhatfordcu
464,amowsoncv@dot.gov,cQ5\%S\ZF3o~?{If,sholtoncv
465,dbourdicecw@github.com,vA3.uw!_AhXp,cstrickettcw
466,ajeanetcx@so-net.ne.jp,"gH3+}t&!5@?7""f_",bmacgeffencx
467,aseebrightcy@cnet.com,"bE1$_W,Gr5,F",njanouscy
468,twaliszekcz@goo.gl,oJ4$_{_y~Ev,bpetchecz
469,ddaftd0@symantec.com,vH3`||%JK,awindeattd0
470,cdenerleyd1@senate.gov,eK1(@)n1{Z),ngaydend1
471,kmatthessend2@weather.com,eK4'?rbw)''I,cbrockingd2
472,dcratchleyd3@rambler.ru,"gM4,}U%Vi",lbeaushawd3
473,mrozd4@slate.com,"xG2)=j,_{!",flimeburnd4
474,kmccuthaisd5@timesonline.co.uk,oQ1~&4r\8,ewarnd5
475,foslard6@github.io,rU8?e2`y<Wy,sheinecked6
476,gceschinid7@cdc.gov,"zH9<""}QOgnwt|#e",cusherwoodd7
477,fmacshiried8@storify.com,bI2{PnGx',abartend8
478,prawlingd9@epa.gov,"qI6(,|/19fPgv",jkenand9
479,lpeabodyda@globo.com,yH2=9r3X,kdzeniskevichda
480,grosensaftdb@xrea.com,iJ1+P|>RHt'Us,todamsdb
481,dastburydc@archive.org,jL9@6P7>,ebrendedc
482,dmankordd@thetimes.co.uk,fJ6}eUo+,mleesedd
483,mleyntonde@hubpages.com,oJ2%OVJxuqp|,qmacrode
484,spavisdf@alibaba.com,cX2'NeJ}fnf_Vrz,eubsdaledf
485,ctembydg@clickbank.net,zQ7'K$|S_#w)!,eflipekdg
486,mvonhagtdh@booking.com,"hW2{\hC6,",tharrowaydh
487,sghilardinidi@accuweather.com,uP9|QSLElSU1b},moatsdi
488,crosenfruchtdj@reuters.com,mZ0)f_FZwy%>}`,mnewnsdj
489,vpickaverdk@reverbnation.com,"bF6*>\b!y+mJuJo""",ewastiedk
490,cbouchdl@sakura.ne.jp,pV2(NcDU{W@EU,avasindl
491,itideydm@walmart.com,tU2$4TEDWlBsU,miacopinidm
492,pbraxtondn@desdev.cn,uP9~/>.xvh*xV,glissandrinidn
493,bbampkindo@twitpic.com,nB7_F.HCw|1II,jorpwooddo
494,opilkingtondp@dion.ne.jp,qF6_&QhWKf4g,cedgesondp
495,dwebborndq@craigslist.org,wR6@rDlP,igentydq
496,bhincedr@free.fr,xR3&GTp#'\Z%g,adietzlerdr
497,cjoustds@technorati.com,oF8$aX`h?10*5Z,knurseyds
498,amerteldt@google.it,"sH9~I6G""J",bbaudinotdt
499,vbelchampdu@nbcnews.com,"qV5""f_Zaxlu",acaramusciadu
500,rframedv@wp.com,iK6@inG=YtlUD17,ihalladdv
501,asommerlanddw@zimbio.com,iU4(KZ(wCXa,sbernadotdw
502,alamminamdx@sbwire.com,dW7+\R?frgO,jtroopdx
503,alambertinidy@zimbio.com,"xL9<(x=,YJoa",dmccleandy
504,mmarusyakdz@comsenz.com,"wE9""W""_BO",cwizdz
505,ewhaitese0@whitehouse.gov,sN5.Tw7<5o`gs_),vburchfielde0
506,gcissone1@huffingtonpost.com,rI3/8M&UR`,lovizee1
507,jiviee2@harvard.edu,jA2\//mPd7dX)Yxs,iedghinne2
508,zkonerdinge3@intel.com,zK6.q?wa,acuradoe3
509,oforrestere4@wisc.edu,aO3#wy6Bu)|zNY,fcorssene4
510,scorsse5@studiopress.com,mY2>J05/5FD,gwillarde5
511,kmixturee6@zimbio.com,zL9`4DaTj*)Yu&X,mwardhawe6
512,amcgraffine7@intel.com,rF2<O*|=0Bi3Lg8,rmcdougale7
513,cforrie8@youtube.com,rO1'8*Jv,nbartolinie8
514,klamare9@businesswire.com,gJ1>R?5g~jWncg\=,lmallalieue9
515,eorteauxea@simplemachines.org,kO9<DdN/TH*W,bfransecoea
516,gmenichieb@unesco.org,qQ2}K<fOYIgXknuo,sreijmerseb
517,sreahec@weibo.com,fJ0}DMV_@$m{V~go,kelgramec
518,eelsdoned@mapy.cz,"kR9+|,2TcYxqb>0",bklemented
519,ygooderee@shop-pro.jp,rW4*v5or+|/*K9,cdommerqueee
520,udronsfieldef@va.gov,"zL9""nE~{/vkq",anewissef
521,lmcgeffeneg@istockphoto.com,cD4%06M/~,abernardinoeg
522,klilleh@army.mil,oX7!&5S&7.~F,hstruthereh
523,mabyssei@uol.com.br,fO2'R(jOYaAFE,cmeedendorpeei
524,ppennaej@bizjournals.com,uZ2{5<l+,vsavoryej
525,dbanatek@ask.com,pR9_g)@>V0,amahargek
526,gharmeel@europa.eu,"gH4(!""bcsFx_",bwindmillel
527,dspellardem@howstuffworks.com,gF7`Q2u.O*NT,ajammesem
528,gcowpertwaiten@zdnet.com,sX7>B1_dBEjX/cw`,dlupartoen
529,cvaninieo@vkontakte.ru,gQ8$@uel?\OK,dpuigeo
530,dhappsep@instagram.com,rJ4$`1rtP4@@du,bcuffinep
531,atoppingeq@spiegel.de,"cG4""F|&AIdK|QI",wtingleyeq
532,agiveener@comcast.net,kK0|N!t}BQ,lsuthworther
533,cspinases@nba.com,dA3!MHNX,iodonnelles
534,jlittericket@gov.uk,vY5~60H{o9dYuzX7,gpiniuret
535,tbetheleu@twitpic.com,xP8@Nu?+u,tfeehameu
536,rcrumpeev@nbcnews.com,dH6<U~s.A<du,forumev
537,mparadesew@npr.org,nD6>/rYGt,lcadlockew
538,averduinex@java.com,gC9<+XIwC0/1L|Lt,scarswellex
539,mdoleyey@prweb.com,vO3{Vop.N,skubasekey
540,mmacgauhyez@sun.com,dT8=t_AE,jleadbeaterez
541,gmacbeanf0@goodreads.com,bZ5<<k0em5W9r~H,htoveyf0
542,jhaswellf1@fda.gov,"pK3\g&<t!F+f\O""",fshitlifff1
543,vdanielif2@nih.gov,"sA3""*l.jk",bnailf2
544,rziemkef3@smugmug.com,"bQ5,}N#""UXHQnyM",jmewhirterf3
545,lstringmanf4@zdnet.com,"nF2""$ci{7a",dshinglerf4
546,vdoudneyf5@php.net,hM1~bfawF\ca3,nsruttonf5
547,lfucherf6@vkontakte.ru,fF0$jY4KL,gspraguef6
548,smiettinenf7@e-recht24.de,sY3+~@ac_,lhingef7
549,kpratchettf8@mashable.com,pN9.(8pUw@g/@\,epeardef8
550,rscutchingsf9@geocities.jp,"qP2{NDD?3a7m""0s_",lsemkenf9
551,usterricksfa@tripadvisor.com,"pK7`,nn\#rlMQD",hprattonfa
552,sroscriggfb@chicagotribune.com,zZ1?q65>nw&&,mvandenhoffb
553,mstintonfc@si.edu,"mP7#M_x}oM@NS,",jfleayfc
554,gmedcalfefd@weather.com,"tW6(,~i&bMj%",okennadyfd
555,gshillakerfe@plala.or.jp,"vW6=&=.T*,4tB",thartnupfe
556,lroycroftff@twitter.com,"hB9>q9kwvu""Ag)",rtrotterff
557,lmarchellofg@ycombinator.com,"pH8""`b3E#l|OAC",gbigglestonefg
558,mkeysfh@vimeo.com,cN8=!M/Gm8gCl,aruskfh
559,zmullenfi@nature.com,vH8\6S14KkjM,tfilippofi
560,sbunklefj@illinois.edu,dK7+Na=LQ24<k,rsloyanfj
561,cairetonfk@usatoday.com,dN9<TP!&9{nT9t,hpadellfk
562,dwhoolehanfl@g.co,nH6!0d_eH,lfaulkenerfl
563,kyakebowitchfm@dot.gov,fY9~oFjCf5/5.>8w,golivetfm
564,dwoolfittfn@trellian.com,zQ3>3u&NuMR,wgreenofn
565,fnokefo@slashdot.org,zB4~`xws?@}D,fgoldbergfo
566,hglossupfp@instagram.com,"dG9@cs)P*J,",gbollandfp
567,acastrofq@tamu.edu,mC3'm%dm(qo8,atrusslerfq
568,fmcilwrathfr@hud.gov,cI3.#qTVS,jcayettefr
569,klardezfs@timesonline.co.uk,"fN6}mJ>Q""Q|5he",klebretonfs
570,htrownsonft@dagondesign.com,uU4)#AkA>N5JW,hmerrisonft
571,lpeekevoutfu@purevolume.com,mJ8=YE#\MO2f(a,mepinefu
572,mbrislawnfv@bandcamp.com,"iS2""5*|v)iZQj@'",abinnerfv
573,lmateikofw@state.gov,yN5>ov{<F!qsfC,trowesbyfw
574,nmarchingtonfx@live.com,"iA0%%I{8&bd~,L\G",bsherifffx
575,bkettoefy@shop-pro.jp,lH3$ay6E,fsinnockfy
576,dacuttfz@geocities.com,cP8+@|zQ9mTIJn?,imahadyfz
577,mgromleyg0@ustream.tv,wN9{$\Ch,cabelevitzg0
578,kkennadyg1@engadget.com,tK6|p=Kj@pP\yW(,aterneyg1
579,bwearneg2@narod.ru,"cG5{/0z""RlR0poX%",jcrippsg2
580,rpennuzzig3@furl.net,"uW0`M8GkJB""",mivanishevg3
581,hgrastyeg4@godaddy.com,pJ4%=b{+'@I,cperksg4
582,apalombig5@census.gov,yA5~X$0i,jgallifordg5
583,kalelsandrovichg6@privacy.gov.au,dZ6_}YEI%v+,ptyddg6
584,htilliardg7@themeforest.net,"bA0+vVhLsk""))",sgadmang7
585,jobeyg8@kickstarter.com,xZ8<8z3ZA,rarondelg8
586,ichaferg9@telegraph.co.uk,rN8>B@2.NY!\{7&,zsloang9
587,tlittleyga@dailymail.co.uk,uH8&(tXMb<Zs>/(!,kcesaricga
588,cstuehmeyergb@dell.com,uR7(iGjeq,rouchterlonygb
589,mcorbetgc@google.es,eB6(Ja5Ulkz+,kproffittgc
590,dlundberggd@dell.com,pX0\`HAk&1b,adidomenicogd
591,hhindshawge@storify.com,pA9+r+w~|mY=P,amoresbyge
592,ebewliegf@accuweather.com,"bF3(Ks,`'Z\L",lbrindleygf
593,scausergg@chronoengine.com,mU6_P*xpb(U2,jgoatmangg
594,tvandenveldegh@wunderground.com,rO1&NA*Fs,tsargisongh
595,csothebygi@arizona.edu,sB0%lO9q@rMz`,ddoegi
596,rpurkissgj@163.com,iR4*Wmdop(~A9$6,lbeeblegj
597,kmouthgk@usda.gov,dT7?_F6Jvf{P,jhoodlassgk
598,bepiletgl@drupal.org,sC5#cU{7a,avanichkovgl
599,aklossmanngm@msn.com,"sO2/MG,yD5",cbontinegm
600,gmcdillgn@unicef.org,jI1|d{ZJ\Acp#,rsealegn
601,lparellgo@hugedomains.com,nL7*u1*p6EV+\r,sspekego
602,kpirdygp@shutterfly.com,wG1~Hss+k}I/,jdaddsgp
603,cjirekgq@edublogs.org,"hF9>?Px5=,'",qlennongq
604,nacorsgr@pbs.org,eH6<oP~+1|TWn2(G,askepgr
605,nsmallpiecegs@loc.gov,"dM2#@0M\S(,p>!k$",lbeehogs
606,lsibberinggt@deliciousdays.com,gZ8)A(TOl7SuiJ,bgreethamgt
607,jtetlowgu@wikipedia.org,fY2.ltMe!/n44d,skipplinggu
608,cvampouillegv@yelp.com,"bQ3,r>LOH$y#A",cheathcoatgv
609,bsheringhamgw@angelfire.com,nB7}mz6GSYa,bdizliegw
610,smullendergx@mac.com,bY6~=n<qoK,cblackleechgx
611,aharroldgy@nps.gov,fX7&C'5fB'%}at!,mcodgy
612,kgoulygz@samsung.com,pN7'BB``Uq%Z,ycriellygz
613,amilesoph0@usnews.com,cR0#NY28<V,aromanh0
614,mtaylorh1@yellowbook.com,wM9$`MRw`@f,wdellabbateh1
615,rextilh2@google.com.au,yV3*D=98XwjTr$Oy,mcoggerh2
616,hmisselbrookh3@house.gov,bK2>7&I'O82L,gchaundyh3
617,opeakeh4@hao123.com,gU9!~Ga7,bwoollandh4
618,twysomeh5@state.tx.us,sN5`yq63mWH_D,sfaceyh5
619,tlindstromh6@nbcnews.com,iH3/?mOQwbRaG,acarcassh6
620,geyckelbeckh7@state.tx.us,zR7>O4kR8M#S<B*s,sdeih7
621,chengoedh8@csmonitor.com,"qG1\{k""*f""DS#X`",aallawayh8
622,wcooteh9@usatoday.com,wV9~*GBx/re{9U,obauldryh9
623,adelythha@ox.ac.uk,cL9'SnT!AjN,trissenha
624,hbabbhb@ted.com,aR4{`uHc,zpaulazzihb
625,agonnellyhc@jalbum.net,lT4&n'7l+ghQpB',gpesikhc
626,cgoskarhd@telegraph.co.uk,bJ4/gk{s%04)kN,jcrosoerhd
627,cghilkshe@who.int,zZ3?Z|gZwhIo),blidgelyhe
628,rpayzehf@aol.com,gN3>{R6L'f,mdreamerhf
629,aquereehg@netvibes.com,fZ2\{dy8)E.,rhanscombhg
630,spollhh@chronoengine.com,vA5}.e58xN,aeastamhh
631,rlupsonhi@mysql.com,jK8|`j'NX}T%@y,sshawhi
632,bhenriethj@biblegateway.com,mH6\ov(n`kl,dchesneyhj
633,calesbrookhk@bloglovin.com,fY1\YSucjZNJ,ofossetthk
634,ebrechehl@domainmarket.com,jT7><|&C,ntointonhl
635,swhitelandhm@nyu.edu,"pQ3""b1bpa",gcritchhm
636,rblunderfieldhn@yellowpages.com,"tD1,i6#sl",mlaprehn
637,tpargeterho@utexas.edu,jT6_dZ=q~E8y3}),dmintoftho
638,lbartolettihp@networkadvertising.org,"fW9,p'Vtvfi",dharshp
639,afinbyhq@china.com.cn,eU5)CaFcX=b&)|d,amarwoodhq
640,dmayerhr@umn.edu,vL4*T5|MT%VbxqA(,hskedhr
641,sskeffingtonhs@cargocollective.com,lI9*o9`|2ym{,avoyseyhs
642,cfaroht@flavors.me,"hV5<,_I'Ut",hleatherht
643,gmcduffyhu@livejournal.com,rH5@&GE4,cnijshu
644,mpenkethmanhv@angelfire.com,"bP5,M$3&""""U,mB1",bchristofideshv
645,saaronsonhw@columbia.edu,fT7}M)+ZHe,olegricehw
646,lyouellhx@csmonitor.com,mT2)7NKlty?LUwO#,egreathamhx
647,emaclennanhy@sciencedirect.com,pG9_PgM$l_\(e%,cscrimshirehy
648,ccufleyhz@businessinsider.com,gF8/+Hi9))Oz,ablythinghz
649,smarroni0@weibo.com,dG2'@Qnjleb,htalboti0
650,cbaltrushaitisi1@ucsd.edu,cJ3!oa(+xk{Yk',bgimbarti1
651,rtacketti2@typepad.com,pE8_=$W*R&v!1y,nmcvanei2
652,amcsweeneyi3@thetimes.co.uk,zF2$~Loa<<.1j,bcarlei3
653,esouthertoni4@ustream.tv,"wO5(ggxo!eA,8h",echampnessi4
654,sswiffani5@time.com,"rI2,n%tc",cmclurgi5
655,rkmicickii6@comsenz.com,yS6?22v21,mliveleyi6
656,gshallcrossi7@nps.gov,kV9@8Y2|A/,mduckeri7
657,wpadberyi8@theglobeandmail.com,mZ1~||Z3Lv,ffarrelli8
658,cjachimczaki9@quantcast.com,yN6_<|B$l`l<,cstarteni9
659,pzecchiniiia@squarespace.com,hL3(|&roo1}bN8wT,nthomassonia
660,ccastellucciib@creativecommons.org,rV8~EJIvye_Cl9,hmcramseyib
661,bmccartanic@aol.com,zD1%8s#3.Jiz!#mx,aconklinic
662,rcurmiid@house.gov,nA5#lx`1eP2|,tewbachid
663,lsharplingie@mashable.com,mO2@do0/nBIDP,belsmoreie
664,alocheadif@columbia.edu,nG3#b.6Om,ocapounif
665,bspibyig@hibu.com,"gV2,2yIKg|lgR",frichingsig
666,ahastewellih@1und1.de,iL9@+fF6Fte_,ahuckabeih
667,csuthrenii@feedburner.com,"bA9,t+Z4A%",sblanchetii
668,ctarverij@virginia.edu,"mL2@z(6a`,",kwoollandij
669,ahaskewik@huffingtonpost.com,tK1/.df9,treynoldsonik
670,obrittoil@oaic.gov.au,yA0(Tqk~}.1,habilowitzil
671,wnarducciim@yale.edu,rV8~sL='NvKr,lengleyim
672,bbauserin@ovh.net,hO9<7F5STn0z,mcrabbein
673,lmalcherio@ning.com,dU4@T?q$=Kr2?i.a,draunio
674,agoodsalip@dropbox.com,oF3>\I>!.i<Wf9%,pconradieip
675,tviciosoiq@wufoo.com,"vE1,8Q<Aal",vbayfordiq
676,ltodaroir@macromedia.com,"vX5+""D>'gD1",mspilsburieir
677,dhaylesis@sina.com.cn,cI7`Jsxbg,ldomoneyis
678,mmccluinit@deviantart.com,tZ7}lxF3Bh,jgiffinit
679,nshelpiu@java.com,"eX6@!9?De""",bcarnegyiu
680,lcubbinelliiv@sciencedaily.com,oU0{_k6WN\=L8,msherwoodiv
681,fgealleiw@wiley.com,bH2~?|89.0j7,ameriothiw
682,bvinterix@so-net.ne.jp,uX8$Jy`{y$wm,csharperix
683,hstarkingiy@vistaprint.com,"dW4,uYgi",jalbrightoniy
684,rkoseliz@ask.com,"vX9""60tgm2jT#vJA",mwellsiz
685,cyakovlj0@goo.ne.jp,dR3!&{DrOhE+SC,npascowj0
686,lhaskaynej1@slate.com,iU2/QaF$ZLaJ$3w{,bcoltmanj1
687,mloudianj2@istockphoto.com,iA6$l./ei0,mtiffanyj2
688,wwrathallj3@earthlink.net,pX4<f??su%i>u6,bpiresj3
689,erosebothamj4@npr.org,cX2)3K40iKlO.{Q{,mfeatherstonej4
690,cmarvelj5@vinaora.com,jY4|t3I96?,ctwentymanj5
691,adunleyj6@google.fr,nX1&@A*t0V7zG,mvarnamj6
692,dsambathj7@hostgator.com,cV7|w1rP'UT}7UV,bashbornj7
693,jbollandj8@sohu.com,vW8=/AAG}hXtr,rnorkettj8
694,jtrehernej9@webeden.co.uk,"qY7,I!UEbZ$",ntuckettj9
695,astirgessja@ucoz.ru,"vV2$5sk5uw,$)",mtripletja
696,wbroomheadjb@omniture.com,zH1>(g=Qy6e,mgladdingjb
697,lwhatsonjc@topsy.com,eD5_>GT&BR21=h=,kmolohanjc
698,agiraudojd@clickbank.net,iA1?*v5\,kcaffreyjd
699,ssachnoje@archive.org,pI8$.5*YFW9%4Y,mjelfje
700,alockhartjf@webnode.com,bK6!2#gP4FB$,kpresslandjf
701,csallowayejg@unesco.org,fE0<Uio3\td6V!k?,mcecelyjg
702,bblenkinsopjh@qq.com,"lO8=!&PP""",mcursonjh
703,wbagniukji@arizona.edu,fB3#2rjpf&1y'Gpz,dhensji
704,eeneverjj@latimes.com,"aB3""i02)=zd|",cfontellesjj
705,mdutnalljk@myspace.com,mR8!{$N*ZnS,jgoodlipjk
706,mphysicjl@privacy.gov.au,lJ6*sLXK=gPKqvcj,glordjl
707,bbagejm@vk.com,fG4{&dSQsCGUi|`,rhanckejm
708,rizhakyjn@sciencedirect.com,iW2{W!NjIt,rwaddupjn
709,mworthyjo@apple.com,nE6@ZIIRb50,rbrookhousejo
710,gohalleghanejp@360.cn,hN0=I<.xuj'{a,dbrobynjp
711,emournianjq@wunderground.com,vP0>Snoq5l=pD3P,mphilippsonjq
712,wmccuejr@miibeian.gov.cn,"qS9++Z|K#c(,",slucockjr
713,acubbitjs@loc.gov,wZ5*{Omarqb~},csellarjs
714,mguessjt@mapy.cz,iQ5$+f@u(jZ8tr,fscameljt
715,fmacnallyju@illinois.edu,"bM7=,FYw!7zL@G",msoppettju
716,gjayesjv@auda.org.au,kD7@Yq/7OP/',friseleyjv
717,tgrafhamjw@webmd.com,pS0!pT0ST5Z*T!,creynajw
718,pmclagganjx@weather.com,lZ7?6FCI|z>V_,sdinneenjx
719,rkinderjy@tripadvisor.com,lO2%Qqkk,eflowethjy
720,tgoodyearjz@boston.com,pN5\yS0uqi(Q,dmorsonjz
721,eallbonesk0@buzzfeed.com,cL1}cAot\(t,cbeersk0
722,srohlfingk1@fastcompany.com,vL6+&DMMVEc`@,mshafierk1
723,spolycotek2@seattletimes.com,"xN9,HZJ&`$P%",esmallmank2
724,glittefairk3@ask.com,"qV0=Y""fe$""",bbreretonk3
725,abackshallk4@chron.com,gM4'*1TK.@hc&,afarnorthk4
726,bdealmeidak5@digg.com,uU2+yGF&dK,bmartinettok5
727,dwestonk6@icio.us,lC6%>\)`0>Xb8,bogreadyk6
728,htopleyk7@narod.ru,tM6?Xc}!J\S{j{,dstellmank7
729,tbuskek8@ifeng.com,"cK5,y?$+(2VcmzH",cdickerk8
730,mdeamayak9@xrea.com,"kA3{V""RKpy?Z#",irousselk9
731,fhurrenka@spiegel.de,"gL9\Uq,N20L%",agaryka
732,amctavykb@indiegogo.com,iX0@>Wu`p,shalfpennykb
733,cdanielskc@java.com,mE6(qRdW!tpe0,wlardeurkc
734,raldermankd@va.gov,mH9'Eg}h,rbirckmannkd
735,sbrackpoolke@zimbio.com,hF6$$tT{,lclawsonke
736,jlehonkf@booking.com,"tU7.=}wr%u""!6",cwemkf
737,drowbreykg@adobe.com,eO7`3x8u9gC~c%,cleankg
738,bpurnellkh@cargocollective.com,"pM9&h"">v*aMzDn",ibiggkh
739,ltitmuski@alexa.com,wW1=B!AJ,griccettiki
740,egolderkj@army.mil,dW7=C\y%a9T_PTk,mheathcoatkj
741,aseigniorkk@spotify.com,"yJ5,,'1EN#@xXg",tmillmoekk
742,bgrzeszczakkl@yahoo.com,dR3('vf8kp,rvaulkhardkl
743,jnancarrowkm@si.edu,"fI2)B4,b5~#J",kyakunchikovkm
744,apaquetkn@scribd.com,fZ2!Vkn/7>It_,dhaenselkn
745,gspeightko@flickr.com,tO2>Q<5e/4,pbreissanko
746,dkurtiskp@dyndns.org,mN9/P3\7fQ<3,rgrattenkp
747,bghionkq@github.com,eS9(?YBr!W2k_N,tkefordkq
748,itarpeykr@altervista.org,"mU3!%),,\w",lmcnaekr
749,selkinsks@deliciousdays.com,fR4\Ih$>P8~rU,pwolledgeks
750,oahernekt@joomla.org,"eL4""%&bhZeK/8D\",ssalamonkt
751,jmaymondku@cisco.com,aT1>k0geM0Vv5@},aphittiplaceku
752,dbottomleykv@opera.com,"jK3`,ll!c""2X,Ln`",gmcveykv
753,hgenikekw@vkontakte.ru,cZ4$@}(Q,lcraikerkw
754,ehartnesskx@msu.edu,gO7&eok(,rroweskx
755,sgeelanky@dion.ne.jp,qY6{y({WAB2!,krimourky
756,adanevkz@smugmug.com,zQ5@K.T$j_oT(!,bfumagallikz
757,dandreyl0@washingtonpost.com,xX2}YdI>9gp*5L2(,ajansemal0
758,cviegasl1@sciencedaily.com,mF9(PB&Ty1,nwestalll1
759,zbordmanl2@mac.com,nR7_~~rwM8w.xD,fbenyonl2
760,edebrokel3@parallels.com,"bP5_`v4YYTcE,z+/",tnottonl3
761,hmaylingl4@arizona.edu,nG1)To<z=Y,bskeldonl4
762,gbirdwhistelll5@aol.com,fY7*FOys@,akennewayl5
763,ebleasl6@goodreads.com,mY5<23J(},cquernell6
764,gculbertl7@hugedomains.com,nX2}=_Hk$HkZ`',bgorryl7
765,lcockerl8@purevolume.com,yX8@Z!!oB,aaltoftsl8
766,jclamptonl9@icq.com,uL7>/%}6,mmallalll9
767,dboynela@fda.gov,"gY9""(<TUt",rplaskettla
768,zkohrsenlb@clickbank.net,yW8@Uq~N,tkorlatlb
769,bwilselc@yale.edu,nO5*$Btx.>UR,gsimpkinslc
770,ssasserld@angelfire.com,kH8<.`v(AHLInj0D,bdonnerld
771,gberriele@issuu.com,"xM8,P52%K7yE0",dmaygerle
772,wbraddonlf@php.net,"yU2?p""/H<Rbe?=",mmarxsenlf
773,vkybertlg@nbcnews.com,kU3@V(Y|Wd1!ID,iillingworthlg
774,bashbornelh@booking.com,sV5>Ypvc{xJJ,wlingelh
775,vgavriellyli@topsy.com,aS2|'oL#,acurseyli
776,rnoakeslj@booking.com,tD6<a`6`r34,taleksiclj
777,erootlk@sfgate.com,qF0=fUnd,vbernhartlk
778,mnethercottll@cargocollective.com,nR0?GJ=\5,kmurfillll
779,akrugmannlm@phoca.cz,zK7*lCvy2G+PVC,abooelnlm
780,atobyln@multiply.com,gY1`hC'lY=#W,esugarsln
781,bclewlowelo@stanford.edu,yW3*HzXFLmU4b+},hlickesslo
782,ndreuslp@who.int,iD4.C/nA,tfozzardlp
783,caxelbeelq@smugmug.com,iD4!BOa1(H2,kpaullinlq
784,vivimylr@china.com.cn,"nD4#?n""Wot",mbortolettilr
785,wwemyssls@smugmug.com,fR4}ISiC}BdhRg,dhuburnls
786,vwhitlowlt@ebay.com,lY4_>heB|)&)Nl,lmoppettlt
787,oolexalu@nydailynews.com,cJ7%Wp\N}B,cshimwelllu
788,ddruhanlv@aboutads.info,hM0?{t`},dmouncherlv
789,igorringlw@diigo.com,"aO1$|G""TY5",scapewelllw
790,jharrisonlx@csmonitor.com,jU7_b@}wzGQ,darsmithlx
791,ejoyesly@over-blog.com,"xC3~u41,N@",mblancowely
792,rcaldayroulz@skype.com,pT4)xG>*oG,kblaydeslz
793,cswancockm0@spiegel.de,aX3?g>Ik@,amcgillm0
794,nwalshem1@vk.com,"cH2(q#Zd,.LU",obarrowcloughm1
795,dinkpenm2@google.ru,fT9<wXl}QjYP,rmcgillreichm2
796,hfortm3@irs.gov,kB9%/!_!WPc!`2,ftildesleym3
797,psandcraftm4@feedburner.com,gD3`.zfe+P,schanterm4
798,hakramm5@wikipedia.org,wC4<\$TpDi,bworhamm5
799,fockleshawm6@usgs.gov,nD1+gj!y_EJ,gidam6
800,rscardefieldm7@xing.com,oR1`/q%/GyHG,fcallabym7
801,cisackm8@patch.com,kT4'NC6rTA3}dg_9,ltoomerm8
802,atolemanm9@bluehost.com,iZ7_SSiH$',jpeacockem9
803,cjowseyma@friendfeed.com,hH7=O11swg,mbastiema
804,fdibsdalemb@spotify.com,wH7$%PC3xP,dwinthropmb
805,krigatemc@army.mil,cA3!\+xLV7#Z,hovendalemc
806,bmoynhammd@vkontakte.ru,"yY1'p'tb~Z>),",ejedrykamd
807,sshaperame@bluehost.com,jA0+x/?EkPr'x4,mgaraghanme
808,slodomf@earthlink.net,eC0**%ht\*,goffinmf
809,pansteadmg@jimdo.com,vL7@FHW8NNd5,eruberrymg
810,ttungatemh@ucoz.ru,pM6&e.J51Z,cmcareaveymh
811,mwadleymi@indiatimes.com,dY4%TeY7#(~,bmartijnmi
812,imourbeymj@biglobe.ne.jp,vW7`xwAB,imcelweemj
813,rcooleymk@tinyurl.com,"xH7(,iK_Pb",dpotteridgemk
814,aoakenfullml@opera.com,qI8/+21{&bw9h,fchattockml
815,ijanusikmm@booking.com,aU0>@{VK,rdorinmm
816,fdurhammn@123-reg.co.uk,fP0#C$#vw9>Ny<,jfleymn
817,ckeaysmo@who.int,lE7)wy{Dg~mjs,amerricksmo
818,dmillthorpemp@wiley.com,bS1@'%_)iO+gY.V,fdensunmp
819,aslyfordmq@google.es,wP5$8N@NpzQ`2,smctrustrammq
820,fshaftomr@paypal.com,gD7#(#g<d,deilhartmr
821,wrorkems@irs.gov,tA7#pXz%yr=/CvV,sbutterfieldms
822,tmccrostiemt@booking.com,rN5*%i#\UEHb,rferemt
823,owhartonmu@apache.org,"uH3{u,voP",afitzgilbertmu
824,lhaltmv@paypal.com,fC7@5g3V(UN#DF@,rbuzekmv
825,mmackriellmw@netlog.com,fE4'1cfhYLJ=!U,bhamiltonmw
826,rstanboroughmx@etsy.com,gJ6*fPo.,dkuhnmx
827,leademy@uol.com.br,nL5.op7g}Xv6t`,nrolphmy
828,cstattonmz@wisc.edu,sY2~bv}ko{(_fS&2,byaremz
829,rgrabertn0@biglobe.ne.jp,lF1`h'x}vN8,kallgoodn0
830,bbeinen1@yellowpages.com,vB0'%D`.{?|z`.~(,arathen1
831,ymealingn2@dmoz.org,zQ5`lp55*,chairesnapen2
832,bbaudyn3@nationalgeographic.com,"qA4<z0Ku,2N@",apressnelln3
833,cmullarkeyn4@sakura.ne.jp,qI9>HTPlhvXv,egatwardn4
834,klovemoren5@xinhuanet.com,qI6|w1Uq5.2Bi2<,bshouttn5
835,lcheken6@ycombinator.com,"jC6,RuV3wfXP~~mF",mtoogoodn6
836,dmoscropn7@histats.com,uJ6>%?%q|K@7,lbourreln7
837,pscyonen8@deviantart.com,wG3%pH_t_p,fwermerlingn8
838,reshmaden9@springer.com,lP2#+q3=,csmailen9
839,acovillna@ca.gov,dL7}Zb%L2`x&q<4,gsmallcombena
840,bellesworthnb@shutterfly.com,hW2#vXa(3qAFH,mmaccartannb
841,bterlindennc@t-online.de,"yY2_VSq,",ztoderbruggenc
842,wpetraceknd@earthlink.net,"xP7"")iUJ~<`5O",fcontind
843,agabbotne@aol.com,zW9#.Hly2XL5,fjordanne
844,dolyffnf@unblog.fr,cX5}tK&l~b,sbrufordnf
845,dwickershamng@whitehouse.gov,tA2$uDe2jzcw0,achoakeng
846,fdrakesnh@friendfeed.com,xO6.$S>VSK,tvilanh
847,lbenfordni@ezinearticles.com,"cG2,*`DBB$XV",fsilvermanni
848,lcouplandnj@home.pl,iQ3}mFNP,hmauvinnj
849,hpreecenk@altervista.org,yX9)+!6b8H,awoodvinenk
850,abroeknl@usda.gov,aB1@'p_f>d&A,cletchnl
851,bhamnetnm@vimeo.com,gP3&YTp*#DZrJ'A,kcreeghannm
852,bocallerannn@g.co,jD6!/Hkl,pburdittnn
853,mmctrustamno@patch.com,fT4|}o)CX8<,rgimletno
854,vohernnp@gravatar.com,lM7<3AGik,cvasechkinnp
855,kshewringnq@gov.uk,gQ0{lY{D17,kpaulacknq
856,wfitzernr@scientificamerican.com,jE2?<'dC@s|O,rferreronr
857,ptettleyns@wordpress.org,oR4.4l<N'a3n{WW,clithgowns
858,ocolleltonnt@seesaa.net,aZ3\z5=sagm$01z,candrellint
859,gcockarillnu@patch.com,lF4~pje=1)2GPv,lnelnu
860,ekluliceknv@odnoklassniki.ru,dC2+x6@D|q>~9,bandreazzinv
861,kmortellnw@ezinearticles.com,qC6*9G'jakmHqfvN,cweldrakenw
862,mracknx@macromedia.com,yD4$Ntdn}PzyuT,ceasterbynx
863,rblankingny@nationalgeographic.com,"mK9/V""iNj7HZ_",bhalfordny
864,rflockhartnz@gov.uk,oH4_SJa.,ogilardoninz
865,bbeckeno0@ovh.net,dS2}ms9<!9(\G,bbernhardssono0
866,bpriestnero1@ezinearticles.com,fE1&U/d%}9=WMK,bbridieo1
867,kgerrillo2@marketwatch.com,xT7(QisG,krumfordo2
868,ashrimplino3@themeforest.net,uE0@8656WJ,tmeneghellio3
869,lriplyo4@bbc.co.uk,yA5*@9PfR&M,vdecullipo4
870,kmayerso5@facebook.com,aG9(Q*?Q#>/H,eleseko5
871,mwadwortho6@hhs.gov,vC3_Au#<Eu}|`9,bwhoppleso6
872,mhauxwello7@gravatar.com,"uT1<p#KD""zB",dwarboyso7
873,tcruso8@flavors.me,wB5))7.mDs,rklehyno8
874,bkingabyo9@china.com.cn,jS9*9%bDJKZ,hhugonino9
875,gcherryoa@netlog.com,nF2$=CZs1zy`,slytlleoa
876,dizakofob@earthlink.net,hJ3#./3F2ik,opiserob
877,icalenderoc@businesswire.com,mL5%8Y<zX#g,cspavinsoc
878,ggrolmannod@skyrock.com,"mD3{vdN5,stc`",lluneyod
879,rsummerleyoe@toplist.cz,xA7>yT2`T7,llibbeoe
880,lescotof@digg.com,wY4`EqV0z+J0Xq9`,sclohiseyof
881,bcornfieldog@eventbrite.com,mH7$_E<j,gpuddenog
882,jsawbridgeoh@typepad.com,oQ9{PNbpo+=&<,bvanshinoh
883,ibraderoi@wikimedia.org,zS4~7eqlFsO(,sgaraghanoi
884,wstorieoj@wisc.edu,hJ2.5prh0o*kTLbr,ljeavonoj
885,jflindallok@jalbum.net,"sF0~0O""uYSOq9",lmcsherryok
886,rvasentsovol@buzzfeed.com,mA9\UZ_ChpQptP,oanstissol
887,csommerlieom@yelp.com,pZ7~%<9}T&q>*6,cdewdenyom
888,chandmanon@usda.gov,yM3+6fOnCG,kcampbellon
889,wprailloo@de.vu,wK4=)IX9.,dinwoodoo
890,bsaintop@wikipedia.org,fD9@Ads45!FX,rmicheauop
891,kprandonioq@jigsy.com,"bR9~mG7C{_GL7""",cdawsoq
892,cgrimmeror@photobucket.com,yV5+EX}>Ha,jpundor
893,sgrundonos@smugmug.com,eA6/#&?3,channentos
894,nmerwoodot@g.co,dL2=SDct7,lsouthwellot
895,fbalsillieou@bizjournals.com,cY5\=7@znO2lmIt,lhayou
896,amcguffov@bigcartel.com,pN6/94T&,tschwandermannov
897,amitchensonow@cnet.com,jH7|UyCZ@#Rx,hstanyanow
898,kshacklefordox@utexas.edu,"mI3%l2wM""o!?",cabramovitzox
899,freihilloy@studiopress.com,uT4@B}i{FMW,gtumaoy
900,nhirtzmannoz@home.pl,dV3%XL7s98fak,sladburyoz
901,msongustp0@oakley.com,uY4_Z9j~s,apossep0
902,mbuncomp1@furl.net,qX9&Z2#yGC7i8KS,gchmarnyp1
903,dmatissep2@sina.com.cn,"zN9,HRf=QhD",gfeldp2
904,alimpennyp3@techcrunch.com,jG1<rG9ZIo,wfayep3
905,mlecointep4@craigslist.org,"fO1\y$""""f(",whackinp4
906,hdietzlerp5@reverbnation.com,oJ4~!BuZ|Pcx,nmatyuginp5
907,jgiovanittip6@fema.gov,qS3_%cy|8jtYnk,jfancuttp6
908,kgudgeonp7@over-blog.com,"oA5,PUFWlt\W|2",rpaxefordp7
909,edenningtonp8@desdev.cn,eO4.%qd(,lgerrensp8
910,oaldersonp9@marketwatch.com,tE1/Pw)xMwB2,kjostp9
911,fmousepa@bizjournals.com,mE4+w&Kc,nhindmorepa
912,gmoriganpb@google.nl,aN0&$1=f5Lr)+'H,adestouchepb
913,aslucockpc@pagesperso-orange.fr,"zZ3}J""!qNb",tbillionpc
914,smetschkepd@latimes.com,kP7+jtS>sfDju_l,mhollingsbypd
915,mgilloolype@globo.com,nL1?pM%@AH.WN~nf,fodoghertype
916,lblomfieldpf@netscape.com,wQ7$r2Xx&$\{*2K,msadrypf
917,nmacvaypg@networkadvertising.org,"eN5=(""F%wu?*4Ky",scockerpg
918,kgarmansonph@wikispaces.com,mG2\p`>li`,pwydph
919,bdarycottpi@over-blog.com,"uJ0)fE~,",gcolemanpi
920,abasnettpj@cdc.gov,"dF4|J,nl",fgadsdenpj
921,cwingeattpk@reference.com,eC0)DJk32,zsthillpk
922,mescrittpl@spotify.com,sG7}GYMLLL,ablakerpl
923,mclerkpm@woothemes.com,dW4++m.uaeU\+,dleatherborrowpm
924,abottermanpn@buzzfeed.com,nI1{lWbG?9>TGYNU,fmozzettipn
925,sfaradypo@myspace.com,kD2>Qq227!AqQ`S,aduesberrypo
926,pbeneypp@live.com,"tV2!P~/""uEuO",csodorpp
927,bboxpq@nhs.uk,cM7(1!/scBN'4el9,blishmanpq
928,bwhitcombpr@joomla.org,"zU8,jpjDJNhI",edequesnepr
929,jwhatfordps@salon.com,sL7|U#9VzG~L4}U,afifeps
930,rproshpt@europa.eu,yZ2<J5P`w,kblaydonpt
931,alortzpu@artisteer.com,fO4&<p<h0,nscrowstonpu
932,tledranepv@linkedin.com,lH1/jLc)AdDj*dY1,mmapledorampv
933,lcastelletpw@exblog.jp,lC5@&VY@G(l\M6,sjovanovicpw
934,jmintoftpx@smh.com.au,lD8<n0)Jr7w7|=,sollanderpx
935,fdahlpy@themeforest.net,eE4<WKQtF`sk0,abolzenpy
936,gguislerpz@youtu.be,nI6(w6f>@JkUf,bdoughartiepz
937,mleadleyq0@de.vu,"sK7)vx""xV88KI'\",avigneronq0
938,drothchildq1@ted.com,sZ9=ns1i32>dTq.,ffruinq1
939,dpudseyq2@mayoclinic.com,lT4|=`Aoh,gbaudinotq2
940,solnerq3@is.gd,rL1#1A!J+(8Rq,sknillq3
941,blaurandq4@senate.gov,iE3~xsQ3Rn,mgoldaq4
942,mmiddasq5@unicef.org,"yM8_H?'fif~=FO6""",rlebbernq5
943,mbagshawq6@ycombinator.com,tF3(Um'c,hoxborrowq6
944,hsneezumq7@networksolutions.com,wY9<J=5(Yll,mhostenq7
945,psouchq8@umich.edu,"kY6|#,bvfd}!.0G",pwapplingtonq8
946,dbrenstuhlq9@google.com.br,cU6<15wto,jsirkettq9
947,ablouetqa@wikipedia.org,"hD2$,)r6D.&#!V%",bjeffersqa
948,bwickettqb@yellowpages.com,"lM8#*u""td6n.~L",arusselqb
949,tkeerlqc@last.fm,rQ8.pTFt8`H>*,iwyettqc
950,pweldrickqd@fda.gov,gO4(6ym!,ecrooksqd
951,bdeaneqe@biglobe.ne.jp,"tQ4,DF1Y.L$Y",bohowbaneqe
952,jbavridgeqf@amazon.com,yA2*_lN$2*NzGJcd,scaddieqf
953,nspykinsqg@army.mil,nR2?x)M_Z@H`!F},swarrackqg
954,sughiniqh@ycombinator.com,"iF4&ZBc)W""3N<",ebuzekqh
955,ejandourekqi@freewebs.com,lX9&kL}x=Zr}ge1,mbareqi
956,thenricssonqj@npr.org,kA1%<_1psm,lguidottiqj
957,cgoldwaterqk@who.int,xW1~j+jQ8`n>3,chuguenetqk
958,rstanleyql@nsw.gov.au,jV6>|k1hT,gdashperql
959,estermanqm@tmall.com,kA4%KA5N`VG,gchaiseqm
960,scattenachqn@multiply.com,tK6}uX>GJ?YtA,cfarndaleqn
961,gskarrqo@google.es,iA0')`VR,cgabbetisqo
962,anobbsqp@time.com,"xV6""Hj~Yy|%H)4$",bscirmanqp
963,ginnocentiqq@parallels.com,oJ9?tL'15is3,nsawnwyqq
964,glevickqr@cornell.edu,iY3#{#KsOMMclvM,cturfsqr
965,mosheildsqs@pcworld.com,lD9_CIQJq(mZ4R,whoofeqs
966,lmorphewqt@arstechnica.com,tN5}mZkBf,epeermanqt
967,vmarquisqu@businessinsider.com,mD9>\H*\~@#TU)J,vepiletqu
968,tmattersonqv@over-blog.com,gL7}W\fvJ=ig4<,gschiesterlqv
969,echrispinqw@slate.com,"zR5,igaDvK2M",tmannsqw
970,asalternqx@google.com,pW7~5%z=COjIi}Ya,dwaightqx
971,jlanmeidqy@creativecommons.org,eW5!e2|I_B}e5Sb|,cjiranekqy
972,tmussoqz@wikispaces.com,xH2!1bG%vL/Pzb4X,sknuttonqz
973,wcaretter0@whitehouse.gov,gS2&309OspFO7|,sbradmorer0
974,rfarfootr1@myspace.com,lK3>TNkV,cskillingtonr1
975,nhullotr2@cpanel.net,pE5$YLNuP,sbuttr2
976,cmchirrier3@com.com,jE9}ZV4+_CzPDB,stawr3
977,jbalfr4@cnbc.com,kE6@#{%I(gNa,pberthotr4
978,oavramowr5@webs.com,"wM5""<+~8l0kN`em",ffayer5
979,rbentoter6@51.la,"lU6>0,J>r",wmcgeownr6
980,mcarlowr7@wunderground.com,kX6~.pFe!Y?@}r$,bcaldwallr7
981,sgippr8@artisteer.com,bU4_@E|!~4{q8DSE,sstellir8
982,ssapeyr9@oracle.com,"qL3#BiT=F,",tgolightlyr9
983,thartfieldra@g.co,pK5)JARt,itampionra
984,hstablesrb@hubpages.com,jE9>~>TssJVsX`,bjolifferb
985,jduffitrc@wsj.com,jB2+vYzVZtL,mmirfinrc
986,jbrittenrd@alibaba.com,oM4`q7w#rXr,escrannyrd
987,cmarzellire@gov.uk,"tJ7<C""`lMC=e'TP",kbootherre
988,fmealhamrf@merriam-webster.com,fH9{oxB)WA,hlystonrf
989,lhailwoodrg@weather.com,pA9>24Cp(r}j,mpulhamrg
990,wgilyottrh@sfgate.com,"iU1+&U07dQ,ZX",elissandrinirh
991,llarosari@latimes.com,cM2?$Jp}*>APNlV',jkrugerri
992,berrettrj@ovh.net,"lE9(p)wy@y""",oanneyrj
993,alukerk@imdb.com,vS9_'VVh,bsandcroftrk
994,lzarbrl@rediff.com,nE4@O@`&PlW,polpinrl
995,kgoldstrawrm@xing.com,sU3+OIgF<=1%Y,wfikerm
996,hbeddoern@bbb.org,oK5!d=2F\j}q,bsinncockrn
997,jkimminsro@devhub.com,"zR2#B{}~`JLm@""Y+",cmatissoffro
998,fgoalleyrp@discuz.net,"kI7?!ei),N",gkedgerp
999,elemoirrq@meetup.com,rU2./)WXA9UDY,jspiveyrq
1000,cmacalroyrr@bloglovin.com,fG7{FqikW63W=,ssaterthwaitrr
